"movie_title","rental_count"
"Bucket Brotherhood","34"
"Rocketeer Mother","33"
"Juggler Hardly","32"
"Ridgemont Submarine","32"
"Scalawag Duck","32"
"Grit Clockwork","32"
"Forward Temple","32"
"Timberland Sky","31"
"Zorro Ark","31"
"Robbers Joon","31"
"Hobbit Alien","31"
"Network Peak","31"
"Apache Divine","31"
"Rush Goodfellas","31"
"Wife Turn","31"
"Goodfellas Salute","31"
"English Bulworth","30"
"Idols Snatchers","30"
"Muscle Bright","30"
"Shock Cabin","30"
"Butterfly Chocolat","30"
"Cat Coneheads","30"
"Pulp Beverly","30"
"Frost Head","30"
"Witches Panic","30"
"Massacre Usual","30"
"Dogma Family","30"
"Married Go","30"
"Graffiti Love","30"
"Suspects Quills","30"
"Rugrats Shakespeare","30"
"Harry Idaho","30"
"Sweethearts Suspects","29"
"Deer Virginian","29"
"Moon Bunch","29"
"Talented Homicide","29"
"Bingo Talented","29"
"Confidential Interview","29"
"Greatest North","29"
"Enemy Odds","29"
"Boogie Amelie","29"
"Storm Happiness","29"
"Videotape Arsenic","29"
"Gleaming Jawbreaker","29"
"Virginian Pluto","29"
"Titans Jerk","29"
"Family Sweet","29"
"Gilmore Boiled","28"
"Voyage Legally","28"
"Handicap Boondock","28"
"Fatal Haunted","28"
"Expendable Stallion","28"
"Roses Treasure","28"
"Story Side","28"
"Trip Newton","28"
"Saturday Lambs","28"
"Closer Bang","28"
"Giant Troopers","28"
"Invasion Cyclone","27"
"Swarm Gold","27"
"Forrester Comancheros","27"
"Horror Reign","27"
"Spy Mile","27"
"Curtain Videotape","27"
"Loathing Legally","27"
"Torque Bound","27"
"Dorado Notting","27"
"Princess Giant","27"
"Gangs Pride","27"
"Wardrobe Phantom","27"
"Lies Treatment","27"
"Telegraph Voyage","27"
"Detective Vision","27"
"None Spiking","27"
"Primary Glass","27"
"Range Moonwalker","27"
"Movie Shakespeare","27"
"Operation Operation","27"
"Lose Inch","27"
"Camelot Vacation","27"
"Blackout Private","27"
"Dancing Fever","27"
"Goldmine Tycoon","27"
"Chance Resurrection","27"
"Fellowship Autumn","26"
"Malkovich Pet","26"
"Fantasy Troopers","26"
"Metropolis Coma","26"
"Stagecoach Armageddon","26"
"Tights Dawn","26"
"Half Outfield","26"
"Disturbing Scarface","26"
"Coma Head","26"
"Hyde Doctor","26"
"Pocus Pulp","26"
"Contact Anonymous","26"
"Seabiscuit Punk","26"
"Brotherhood Blanket","26"
"Innocent Usual","26"
"Hanky October","26"
"Pelican Comforts","26"
"Velvet Terminator","26"
"Pity Bound","26"
"Tracy Cider","26"
"Westward Seabiscuit","26"
"Island Exorcist","26"
"Durham Panky","26"
"Alaska Phantom","26"
"Dynamite Tarzan","25"
"Streetcar Intentions","25"
"Clash Freddy","25"
"Madness Attacks","25"
"Barbarella Streetcar","25"
"Samurai Lion","25"
"Working Microcosmos","25"
"Hills Neighbors","25"
"Clueless Bucket","25"
"Oscar Gold","25"
"Mallrats United","25"
"Sun Confessions","25"
"Fish Opus","25"
"Coneheads Smoochy","25"
"Downhill Enough","25"
"Gun Bonnie","25"
"Effect Gladiator","25"
"Trading Pinocchio","25"
"Escape Metropolis","25"
"Telemark Heartbreakers","25"
"Double Wrath","25"
"Feud Frogmen","25"
"Show Lord","25"
"Nightmare Chill","25"
"Metal Armageddon","25"
"Shepherd Midsummer","25"
"Tomorrow Hustler","25"
"Jason Trap","24"
"Lola Agent","24"
"Bound Cheaper","24"
"Maiden Home","24"
"Sunrise League","24"
"Mockingbird Hollywood","24"
"Sleeping Suspects","24"
"Slums Duck","24"
"Fargo Gandhi","24"
"Attraction Newton","24"
"Caper Motions","24"
"Orange Grapes","24"
"Goldfinger Sensibility","24"
"Celebrity Horn","24"
"Shootist Superfly","24"
"Hurricane Affair","24"
"Atlantis Cause","24"
"Drifter Commandments","24"
"Color Philadelphia","24"
"Horn Working","24"
"Oz Liaisons","24"
"Strangelove Desire","24"
"Gunfight Moon","24"
"Alamo Videotape","24"
"Wedding Apollo","24"
"Arachnophobia Rollercoaster","24"
"Center Dinosaur","24"
"Ice Crossing","24"
"Seattle Expecations","24"
"Jumping Wrath","24"
"Roman Punk","24"
"Pacific Amistad","24"
"Knock Warlock","24"
"Kwai Homeward","23"
"Crooked Frogmen","23"
"Women Dorado","23"
"Strictly Scarface","23"
"Fool Mockingbird","23"
"Academy Dinosaur","23"
"Wash Heavenly","23"
"Wind Phantom","23"
"Snowman Rollercoaster","23"
"Heavyweights Beast","23"
"Salute Apollo","23"
"Aladdin Calendar","23"
"Murder Antitrust","23"
"Yentl Idaho","23"
"Candles Grapes","23"
"Balloon Homeward","23"
"Philadelphia Wife","23"
"Name Detective","23"
"Earth Vision","23"
"Affair Prejudice","23"
"Titanic Boondock","23"
"House Dynamite","23"
"Easy Gladiator","23"
"Others Soup","23"
"Gentlemen Stage","23"
"Scorpion Apollo","23"
"Steel Santa","23"
"Patton Interview","23"
"Carrie Bunch","23"
"Outbreak Divine","23"
"Truman Crazy","23"
"Cupboard Sinners","23"
"Flamingos Connecticut","23"
"Freddy Storm","23"
"Trouble Date","23"
"Karate Moon","23"
"Alter Victory","22"
"Falcon Volume","22"
"Sinners Atlantis","22"
"Maltese Hope","22"
"Fight Jawbreaker","22"
"Eagles Panky","22"
"Tourist Pelican","22"
"Volcano Texas","22"
"Packer Madigan","22"
"Liaisons Sweet","22"
"Chicken Hellfighters","22"
"Chill Luck","22"
"Beauty Grease","22"
"Shakespeare Saddle","22"
"Alien Center","22"
"Grapes Fury","22"
"Borrowers Bedazzled","22"
"Wonderland Christmas","22"
"Head Stranger","22"
"Whisperer Giant","22"
"Bear Graceland","22"
"High Encino","22"
"Congeniality Quest","22"
"South Wait","22"
"Dream Pickup","22"
"Hustler Party","22"
"Midsummer Groundhog","22"
"Flatliners Killer","22"
"Haunting Pianist","22"
"Kiss Glory","22"
"Homicide Peach","22"
"Sea Virgin","22"
"Annie Identity","22"
"Angels Life","22"
"American Circus","22"
"Queen Luke","22"
"Banger Pinocchio","22"
"Blade Polish","22"
"Snatch Slipper","22"
"Berets Agent","21"
"Moonshine Cabin","21"
"Star Operation","21"
"Crossroads Casualties","21"
"Christmas Moonshine","21"
"Deceiver Betrayed","21"
"Anaconda Confessions","21"
"Highball Potter","21"
"Unbreakable Karate","21"
"Grease Youth","21"
"Calendar Gunfight","21"
"Empire Malkovich","21"
"Driving Polish","21"
"Mourning Purple","21"
"Open African","21"
"Fidelity Devil","21"
"Basic Easy","21"
"Divide Monster","21"
"Doom Dancing","21"
"Blues Instinct","21"
"Undefeated Dalmations","21"
"Wait Cider","21"
"Beverly Outlaw","21"
"Cause Date","21"
"Sting Personal","21"
"Amistad Midsummer","21"
"Pianist Outfield","21"
"Splendor Patton","21"
"Egg Igby","21"
"Sleuth Orient","21"
"Wolves Desire","21"
"Sleepy Japanese","21"
"Badman Dawn","21"
"Amadeus Holy","21"
"Suit Walls","21"
"Armageddon Lost","21"
"Ghost Groundhog","21"
"Fireball Philadelphia","21"
"Pirates Roxanne","21"
"Arizona Bang","21"
"Secret Groundhog","21"
"Vacation Boondock","21"
"Sabrina Midnight","21"
"Dracula Crystal","21"
"Agent Truman","21"
"Chainsaw Uptown","21"
"Brooklyn Desert","21"
"Lebowski Soldiers","21"
"Chariots Conspiracy","21"
"Resurrection Silverado","21"
"Excitement Eve","21"
"Coast Rainbow","21"
"Sleepless Monsoon","20"
"Hellfighters Sierra","20"
"Garden Island","20"
"Bringing Hysterical","20"
"Secrets Paradise","20"
"Peak Forever","20"
"River Outlaw","20"
"Chasing Fight","20"
"Straight Hours","20"
"Flying Hook","20"
"Spice Sorority","20"
"Dalmations Sweden","20"
"Harper Dying","20"
"Million Ace","20"
"Intrigue Worst","20"
"Masked Bubble","20"
"Jerk Paycheck","20"
"Insider Arizona","20"
"Quest Mussolini","20"
"Stepmom Dream","20"
"Minds Truman","20"
"Go Purple","20"
"Interview Liaisons","20"
"Redemption Comforts","20"
"Dinosaur Secretary","20"
"Kissing Dolls","20"
"Pinocchio Simon","20"
"Money Harold","20"
"Room Roman","20"
"Reunion Witches","20"
"Prejudice Oleander","20"
"Love Suicides","20"
"Chocolat Harry","20"
"Tramp Others","20"
"Wrong Behavior","20"
"Hunchback Impossible","20"
"Outfield Massacre","20"
"Cheaper Clyde","20"
"Heartbreakers Bright","20"
"Kick Savannah","20"
"Northwest Polish","20"
"Jet Neighbors","20"
"Reign Gentlemen","20"
"Neighbors Charade","19"
"Sundance Invasion","19"
"Shawshank Bubble","19"
"Canyon Stock","19"
"Patient Sister","19"
"Encounters Curtain","19"
"Hours Rage","19"
"Requiem Tycoon","19"
"National Story","19"
"Earring Instinct","19"
"Doors President","19"
"Details Packer","19"
"Road Roxanne","19"
"Music Boondock","19"
"Igby Maker","19"
"Honey Ties","19"
"Fiction Christmas","19"
"Eyes Driving","19"
"Roxanne Rebel","19"
"Thief Pelican","19"
"Fantasia Park","19"
"Jedi Beneath","19"
"Fury Murder","19"
"Rage Games","19"
"Hanging Deep","19"
"Independence Hotel","19"
"Backlash Undefeated","19"
"Campus Remember","19"
"Disciple Mother","19"
"Bill Others","19"
"Cider Desire","19"
"Novocaine Flight","19"
"Club Graffiti","19"
"Bride Intrigue","19"
"Something Duck","19"
"Mine Titans","19"
"Desert Poseidon","19"
"Trojan Tomorrow","19"
"Pond Seattle","19"
"Clones Pinocchio","19"
"Gables Metropolis","19"
"Mars Roman","19"
"Voice Peach","19"
"Gorgeous Bingo","19"
"Encino Elf","19"
"Secretary Rouge","18"
"Expecations Natural","18"
"Unforgiven Zoolander","18"
"Driver Annie","18"
"Galaxy Sweethearts","18"
"Groundhog Uncut","18"
"Weekend Personal","18"
"Hope Tootsie","18"
"Dawn Pond","18"
"Paradise Sabrina","18"
"Inch Jet","18"
"Rouge Squad","18"
"Boulevard Mob","18"
"Forrest Sons","18"
"Smoking Barbarella","18"
"Birds Perdition","18"
"Sweden Shining","18"
"Mission Zoolander","18"
"Alone Trip","18"
"Lion Uncut","18"
"Heaven Freedom","18"
"Whale Bikini","18"
"Candidate Perdition","18"
"Wonka Sea","18"
"Barefoot Manchurian","18"
"Jade Bunch","18"
"Insects Stone","18"
"Dragonfly Strangers","18"
"Cleopatra Devil","18"
"Pollock Deliverance","18"
"Airport Pollock","18"
"Vanishing Rocky","18"
"Carol Texas","18"
"Polish Brooklyn","18"
"Enough Raging","18"
"Groove Fiction","18"
"Core Suit","18"
"Racer Egg","18"
"Jacket Frisco","18"
"Darn Forrester","18"
"Scarface Bang","18"
"Instinct Airport","18"
"Remember Diary","18"
"Sugar Wonka","17"
"Potter Connecticut","17"
"Joon Northwest","17"
"Rear Trading","17"
"Bikini Borrowers","17"
"Poseidon Forever","17"
"Roots Remember","17"
"Waterfront Deliverance","17"
"Greek Everyone","17"
"Lawless Vision","17"
"Ferris Mother","17"
"Flintstones Happiness","17"
"Newton Labyrinth","17"
"Factory Dragon","17"
"Jekyll Frogmen","17"
"Perfect Groove","17"
"Satisfaction Confidential","17"
"Holocaust Highball","17"
"Majestic Floats","17"
"Zoolander Fiction","17"
"Mask Peach","17"
"Egypt Tenenbaums","17"
"Lady Stage","17"
"Virgin Daisy","17"
"Taxi Kick","17"
"Teen Apollo","17"
"Jericho Mulan","17"
"United Pilot","17"
"Conversation Downhill","17"
"Orient Closer","17"
"Idaho Love","17"
"French Holiday","17"
"Intentions Empire","17"
"Comforts Rush","17"
"Confused Candles","17"
"Gandhi Kwai","17"
"Slacker Liaisons","17"
"Rock Instinct","17"
"Freaky Pocus","17"
"Midnight Westward","17"
"Dying Maker","17"
"Musketeers Wait","17"
"Breakfast Goldfinger","17"
"Noon Papi","17"
"Strangers Graffiti","17"
"League Hellfighters","17"
"Beach Heartbreakers","17"
"Louisiana Harry","17"
"Hanover Galaxy","17"
"Watch Tracy","16"
"Rules Human","16"
"Words Hunter","16"
"Motions Details","16"
"Indian Love","16"
"Artist Coldblooded","16"
"Homeward Cider","16"
"Caddyshack Jedi","16"
"Trap Guys","16"
"Varsity Trip","16"
"Quills Bull","16"
"Hall Cassidy","16"
"Rocky War","16"
"Casablanca Super","16"
"Bull Shawshank","16"
"Moulin Wake","16"
"Willow Tracy","16"
"Reap Unfaithful","16"
"Sagebrush Clueless","16"
"Pluto Oleander","16"
"Patriot Roman","16"
"Lock Rear","16"
"Graduate Lord","16"
"Bonnie Holocaust","16"
"Mermaid Insects","16"
"Dude Blindness","16"
"Wanda Chamber","16"
"Uprising Uptown","16"
"Worst Banger","16"
"Baked Cleopatra","16"
"Destiny Saturday","16"
"Summer Scarface","16"
"Creatures Shakespeare","16"
"Wizard Coldblooded","16"
"Daisy Menagerie","16"
"Pilot Hoosiers","16"
"Army Flintstones","16"
"Paycheck Wait","16"
"Chicago North","16"
"Coldblooded Darling","16"
"Attacks Hate","16"
"Slipper Fidelity","16"
"Pickup Driving","16"
"Pure Runner","16"
"West Lion","16"
"Gaslight Crusade","16"
"Streak Ridgemont","16"
"Pride Alamo","16"
"Jeepers Wedding","16"
"Craft Outfield","16"
"Mummy Creatures","16"
"Silence Kane","16"
"Command Darling","16"
"Conquerer Nuts","16"
"Human Graffiti","15"
"Lonely Elephant","15"
"Worker Tarzan","15"
"Necklace Outbreak","15"
"Loser Hustler","15"
"Entrapment Satisfaction","15"
"Cyclone Family","15"
"Cabin Flash","15"
"Translation Summer","15"
"Ship Wonderland","15"
"Nash Chocolat","15"
"Anthem Luke","15"
"Shrek License","15"
"Dirty Ace","15"
"Scissorhands Slums","15"
"Boiled Dares","15"
"Vietnam Smoochy","15"
"Panther Reds","15"
"Sons Interview","15"
"Modern Dorado","15"
"Sweet Brotherhood","15"
"Sierra Divide","15"
"Mosquito Armageddon","15"
"Spirit Flintstones","15"
"Odds Boogie","15"
"Edge Kissing","15"
"Siege Madre","15"
"Hunting Musketeers","15"
"Rings Heartbreakers","15"
"Divine Resurrection","15"
"Manchurian Curtain","15"
"Lust Lock","15"
"Tootsie Pilot","15"
"Submarine Bed","15"
"Airplane Sierra","15"
"Model Fish","15"
"Holes Brannigan","15"
"Valley Packer","15"
"Hysterical Grail","15"
"Devil Desire","15"
"Betrayed Rear","15"
"Holiday Games","15"
"Wasteland Divine","15"
"Labyrinth League","15"
"Charade Duffel","15"
"Steers Armageddon","15"
"Illusion Amelie","15"
"Panky Submarine","15"
"Monster Spartacus","15"
"Madison Trap","15"
"Circus Youth","15"
"Shanghai Tycoon","14"
"Nemo Campus","14"
"Virtual Spoilers","14"
"Hamlet Wisdom","14"
"Paris Weekend","14"
"Town Ark","14"
"Shane Darkness","14"
"Blindness Gun","14"
"Turn Star","14"
"Day Unfaithful","14"
"Tomatoes Hellfighters","14"
"Impossible Prejudice","14"
"Shrunk Divine","14"
"Notorious Reunion","14"
"Werewolf Lola","14"
"Greedy Roots","14"
"Image Princess","14"
"Gold River","14"
"Troopers Metal","14"
"Deep Crusade","14"
"Glass Dying","14"
"Peach Innocent","14"
"Madre Gables","14"
"Creepers Kane","14"
"Saddle Antitrust","14"
"Mother Oleander","14"
"Confessions Maguire","14"
"Outlaw Hanky","14"
"Alley Evolution","14"
"Donnie Alley","14"
"Lovely Jingle","14"
"Dances None","14"
"Games Bowfinger","14"
"Elephant Trojan","14"
"Stampede Disturbing","14"
"Grinch Massage","14"
"Home Pity","14"
"Wrath Mile","14"
"Pajama Jawbreaker","14"
"Personal Ladybugs","14"
"Stock Glass","14"
"Jaws Harry","14"
"Splash Gump","14"
"Uncut Suicides","14"
"Analyze Hoosiers","14"
"Searchers Wait","14"
"Kane Exorcist","14"
"Natural Stock","13"
"Anonymous Human","13"
"Spiking Element","13"
"Chisum Behavior","13"
"Behavior Runaway","13"
"Arabia Dogma","13"
"Super Wyoming","13"
"Exorcist Sting","13"
"Bedazzled Married","13"
"Usual Untouchables","13"
"Lawrence Love","13"
"Memento Zoolander","13"
"Saturn Name","13"
"Chamber Italian","13"
"Citizen Shrek","13"
"Moonwalker Fool","13"
"Party Knock","13"
"Hunger Roof","13"
"Everyone Craft","13"
"Connecticut Tramp","13"
"Daddy Pittsburgh","13"
"Microcosmos Paradise","13"
"Mulan Moon","13"
"Champion Flatliners","13"
"Jingle Sagebrush","13"
"Lucky Flying","13"
"Forever Candidate","13"
"Tuxedo Mile","13"
"State Wasteland","13"
"Robbery Bright","13"
"Flash Wars","13"
"Drums Dynamite","13"
"Hollywood Anonymous","13"
"Raging Airplane","13"
"Hook Chariots","13"
"Wyoming Storm","13"
"Cincinatti Whisperer","13"
"Express Lonely","13"
"Tenenbaums Command","13"
"Purple Movie","13"
"Mile Mulan","13"
"Date Speed","13"
"Identity Lover","13"
"Opposite Necklace","13"
"Spinal Rocky","13"
"Bright Encounters","13"
"Breaking Home","13"
"Sassy Packer","13"
"Past Suicides","13"
"Monterey Labyrinth","13"
"Bilko Anonymous","13"
"Darkness War","13"
"Dangerous Uptown","12"
"Vampire Whale","12"
"Alabama Devil","12"
"Tycoon Gathering","12"
"Sorority Queen","12"
"Loverboy Attacks","12"
"Evolution Alter","12"
"Uptown Young","12"
"Savannah Town","12"
"Smoochy Control","12"
"California Birds","12"
"Gunfighter Mussolini","12"
"Flight Lies","12"
"Meet Chocolate","12"
"Blanket Beverly","12"
"Crow Grease","12"
"Mighty Luck","12"
"Lost Bird","12"
"Mob Duffel","12"
"African Egg","12"
"Side Ark","12"
"Massage Image","12"
"War Notting","12"
"Born Spinal","12"
"Temple Attraction","12"
"Silverado Goldfinger","12"
"Finding Anaconda","12"
"Hedwig Alter","12"
"Window Side","12"
"Adaptation Holes","12"
"Valentine Vanishing","12"
"Minority Kiss","12"
"Liberty Magnificent","12"
"Brannigan Sunrise","12"
"Pittsburgh Hunchback","12"
"Speakeasy Date","12"
"Feathers Metal","11"
"Song Hedwig","11"
"Lord Arizona","11"
"Thin Sagebrush","11"
"Trainspotting Strangers","11"
"Opus Ice","11"
"Cranes Reservoir","11"
"Ties Hunger","11"
"Towers Hurricane","11"
"Birch Antitrust","11"
"Rider Caddyshack","11"
"Bugsy Song","11"
"Potluck Mixed","11"
"Drumline Cyclone","11"
"Bowfinger Gables","11"
"Iron Moon","11"
"Fugitive Maguire","11"
"Ending Crowds","11"
"Spirited Casualties","11"
"Magnolia Forrester","11"
"Bird Independence","11"
"Stone Fire","11"
"Mod Secretary","11"
"Prix Undefeated","11"
"Theory Mermaid","11"
"North Tequila","11"
"Frida Slipper","11"
"Reef Salute","11"
"Language Cowboy","11"
"October Submarine","11"
"Autumn Crow","11"
"Beethoven Exorcist","11"
"Stranger Strangers","11"
"Twisted Pirates","11"
"Santa Paris","11"
"Dragon Squad","11"
"Gathering Calendar","11"
"Darko Dorado","11"
"Beast Hunchback","11"
"Run Pacific","10"
"Frogmen Breaking","10"
"Notting Speakeasy","10"
"Stage World","10"
"Fiddler Lost","10"
"Hollow Jeopardy","10"
"Element Freddy","10"
"Grail Frankenstein","10"
"Lambs Cincinatti","10"
"Luck Opus","10"
"Rollercoaster Bringing","10"
"Wars Pluto","10"
"Sensibility Rear","10"
"Wagon Jaws","10"
"Jawbreaker Brooklyn","10"
"Elizabeth Shane","10"
"Madigan Dorado","10"
"Superfly Trip","10"
"Jeopardy Encino","10"
"Paths Control","10"
"Lolita World","10"
"Life Twisted","10"
"Blood Argonauts","10"
"Mystic Truman","10"
"Amelie Hellfighters","10"
"Lover Truman","10"
"Antitrust Tomatoes","10"
"Maker Gables","10"
"Gone Trouble","10"
"Reservoir Adaptation","10"
"Doubtfire Labyrinth","10"
"Spoilers Hellfighters","10"
"Smile Earring","10"
"Oleander Clue","10"
"Right Cranes","10"
"Halloween Nuts","10"
"Beneath Rush","10"
"Clockwork Paradise","10"
"Victory Academy","9"
"Wonderful Drop","9"
"Anything Savannah","9"
"Dares Pluto","9"
"Casualties Encino","9"
"Matrix Snowman","9"
"Reds Pocus","9"
"Miracle Virtual","9"
"Legend Jedi","9"
"Legally Secretary","9"
"Vanilla Day","9"
"Won Dares","9"
"Zhivago Core","9"
"Dwarfs Alter","9"
"Wisdom Worker","9"
"Montezuma Command","9"
"Nuts Ties","9"
"Guys Falcon","9"
"Ghostbusters Elf","9"
"Speed Suit","9"
"Caribbean Liberty","9"
"Darling Breaking","9"
"Drop Waterfront","9"
"Ali Forever","9"
"Platoon Instinct","9"
"Spartacus Cheaper","9"
"Dolls Rage","9"
"Hotel Happiness","9"
"Random Go","9"
"Intolerable Intentions","9"
"Birdcage Casper","9"
"Daughter Madigan","9"
"Gilbert Pelican","9"
"Impact Aladdin","9"
"King Evolution","9"
"Holy Tadpole","9"
"Jungle Closer","9"
"Frisco Forrest","9"
"Snatchers Montezuma","9"
"Diary Panic","9"
"Maguire Apache","9"
"Kramer Chocolate","9"
"Crazy Home","9"
"Monsoon Cause","9"
"Magnificent Chitty","8"
"Jumanji Blade","8"
"World Leathernecks","8"
"Sunset Racer","8"
"Hoosiers Birdcage","8"
"Casper Dragonfly","8"
"Lights Deer","8"
"Records Zorro","8"
"Desire Alien","8"
"Unfaithful Kill","8"
"Rebel Airport","8"
"Clyde Theory","8"
"Runner Madigan","8"
"Pet Haunting","8"
"Crusade Honey","8"
"Runaway Tenenbaums","8"
"Baby Hall","8"
"Soldiers Evolution","8"
"Ballroom Mockingbird","8"
"Chitty Lock","8"
"Vertigo Northwest","8"
"Shining Roses","8"
"Punk Divorce","8"
"Godfather Diary","8"
"Harold French","8"
"Papi Necklace","8"
"Tarzan Videotape","8"
"Untouchables Sunrise","8"
"Soup Wisdom","8"
"Destination Jerk","8"
"Maude Mod","8"
"Park Citizen","8"
"Gosford Donnie","8"
"Grosse Wonderful","8"
"Chaplin License","8"
"Saints Bride","8"
"Bang Kwai","7"
"Squad Fish","7"
"Ishtar Rocketeer","7"
"Sense Greek","7"
"Heavenly Gun","7"
"Fire Wolves","7"
"Pizza Jumanji","7"
"Mulholland Beast","7"
"Menagerie Rushmore","7"
"Vision Torque","7"
"Bulworth Commandments","7"
"Clerks Angels","7"
"Hawk Chill","7"
"Luke Mummy","7"
"Lesson Cleopatra","7"
"Young Language","7"
"Divorce Shining","7"
"License Weekend","7"
"Vanished Garden","7"
"Cruelty Unforgiven","7"
"Clue Grail","7"
"Dozen Lion","7"
"Ace Goldfinger","7"
"Duffel Apocalypse","7"
"Doctor Grail","7"
"President Bang","7"
"Connection Microcosmos","7"
"Treatment Jekyll","7"
"Stallion Sundance","7"
"Control Anthem","7"
"Early Home","7"
"Elf Murder","7"
"Cowboy Doom","7"
"Magic Mallrats","7"
"Newsies Story","7"
"Eve Resurrection","7"
"Leathernecks Dwarfs","7"
"Panic Club","7"
"Terminator Club","6"
"Simon North","6"
"Killer Innocent","6"
"Wild Apollo","6"
"Texas Watch","6"
"Warlock Werewolf","6"
"Sling Luke","6"
"Frontier Cabin","6"
"Duck Racer","6"
"Graceland Dynamite","6"
"Tequila Past","6"
"Jersey Sassy","6"
"School Jacket","6"
"Comancheros Enemy","6"
"Bubble Grosse","6"
"Watership Frontier","6"
"Happiness United","6"
"Apocalypse Flamingos","6"
"Haunted Antitrust","6"
"Italian African","6"
"Bed Highball","6"
"Youth Kick","6"
"Cassidy Wyoming","6"
"Phantom Glory","6"
"Ladybugs Armageddon","6"
"Japanese Run","6"
"Oklahoma Jumanji","6"
"Extraordinary Conquerer","6"
"Dumbo Lust","6"
"Desperate Trainspotting","6"
"Rushmore Mermaid","6"
"Mannequin Worst","5"
"Seven Swarm","5"
"Glory Tracy","5"
"Braveheart Human","5"
"Bunch Minds","5"
"Freedom Cleopatra","5"
"Informer Double","5"
"Full Flatliners","5"
"Traffic Hobbit","5"
"Hunter Alter","5"
"Private Drop","5"
"Fever Empire","5"
"Mussolini Spoilers","5"
"Conspiracy Spirit","5"
"Hardly Robbers","4"
"Mixed Doors","4"
"Train Bunch","4"
